id,download_url,project_name,city,category,theme,duration,quota,description
K-10-1,https://twpathfinder.org/overview_d/558,極島生存：數據守護戰,吐瓦魯富納富提,★年度旗艦計畫　　　　　　　　　　　　榮邦計畫：青年國際科技交流,氣候調適與數位服務,115 年 8 月 31 日至 11 月 19 日，共計 81 日（不含飛行日）,1,運用數位技術為吐瓦魯建立「數位國家」，在氣候危機中透過雲端數據與網絡，守護島嶼的永續未來。
K-10-2,https://twpathfinder.org/overview_d/559,極地守護：島嶼加固行動,吐瓦魯富納富提,★年度旗艦計畫　　　　　　　　　　　　榮邦計畫：青年國際科技交流,氣候調適與數位服務,115 年 8 月 31 日至 11 月 19 日，共計 81 日（不含飛行日）,1,挑戰海平面上升！深入吐瓦魯內政部，結合環境工程與數位監測，親手設計並執行關鍵的氣候調適計畫。
K-10-4,https://twpathfinder.org/overview_d/572,智庫探險隊,法國巴黎,★年度旗艦計畫　　　　　　　　　　　　榮邦計畫：青年國際科技交流,台法鏈結與科技地緣戰略,暫定 115 年 9 月 1 日至 12 月 19 日，共計 1 個月（不含飛行日）,1,深入 IFRI 核心！第一線接待各國大咖、撰寫研析，從法國視角看 AI 與半導體如何左右全球棋局
K-10-5,https://twpathfinder.org/overview_d/573,眾神圖鑑：數位收藏家,義大利羅馬梵蒂岡,★年度旗艦計畫　　　　　　　　　　　　榮邦計畫：青年國際科技交流,跨宗教文獻典藏,115 年 9 月 1 日至 10 月 31 日，共計 61 天（不含飛行日）,1,深入教會秘境，將紙本古籍轉生為數位目錄，透過網頁設計與活動策劃，讓各界跨越藩籬、對話無礙。
K-10-6,https://twpathfinder.org/overview_d/560,野境探索,貝里斯貝里斯市、貝爾墨潘,★年度旗艦計畫　　　　　　　　　　　　榮邦計畫：青年國際科技交流,生態保育與組織經營,115 年 9 月 1 日至 9 月 30 日，共計 30 日（不含飛行日）,1,深入 BAS 總部與國家公園，運用數據專長重塑會員制度，在雨林與辦公室間跨界守護豐富生態資產。
K-10-7,https://twpathfinder.org/overview_d/561,竹構未來：創意實習家,瓜地馬拉瓜地馬拉市,★年度旗艦計畫　　　　　　　　　　　　榮邦計畫：青年國際科技交流,永續旅遊與跨文化溝通,115 年 9 月 5 日至 10 月 4 日間，共計 30 日（含飛行日）,1,結合建築美學與觀光政策！協助瓜國觀光局開發旅遊產品，在實作中磨練跨文化溝通，打造永續旅遊新視野。
K-10-8,https://twpathfinder.org/overview_d/574,巴拉圭科技冒險王,巴拉圭,★年度旗艦計畫　　　　　　　　　　　　榮邦計畫：青年國際科技交流,台巴智慧園區實戰轉型,115 年 9 月 1 日至 9 月 30 日，共計 30 日（含飛行日）,2,踏上南美洲，直擊智慧園區心臟！透過科技研發與產業對接，讓你從青年學子蛻變為跨國合作的實戰領袖。
K-10-10,https://twpathfinder.org/overview_d/562,巴拉圭：智慧蘭花特攻,巴拉圭盧克,★年度旗艦計畫　　　　　　　　　　　　榮邦計畫：青年國際科技交流,智慧溫室與數位行銷,115 年 9 月 1 日至 10 月 30 日，共計 60 日（不含飛行日）,2,前進巴國最大蘭花商，操作智慧環控系統、設計數位通路，將臺灣科技力轉化為南美的優雅商機。
K-10-11,https://twpathfinder.org/overview_d/563,醫療E時代,巴拉圭亞松森,★年度旗艦計畫　　　　　　　　　　　　榮邦計畫：青年國際科技交流,翻轉巴拉圭數位醫療,115 年 9 月 1 日至 10 月 30 日，共計 60 日（不含飛行日）,2,深入巴拉圭衛福部，第一線參與 HIS 系統建置。從技術開發到醫院推廣，用資訊力為外交外交貢獻。
K-10-12,https://twpathfinder.org/overview_d/564,智繪瓜國：科技圓夢領航員,瓜地馬拉市及其他省分,★年度旗艦計畫　　　　　　　　　　　　榮邦計畫：青年國際科技交流,跨海點亮科學夢,115 年 9 月 5 日至 10 月 4 日間，共計 30 日（含飛行日）,5,攜手瓜國科技局，深入各級學校科學俱樂部，以教學分享與活動策展，將臺灣科技實力轉化為國際影響力。
K-10-13,https://twpathfinder.org/overview_d/565,智繪未來城市拓荒者,智利,★年度旗艦計畫　　　　　　　　　　　　榮邦計畫：青年國際科技交流,建構智利智慧城市指標,暫定 115 年 9 月 1 日至 11 月 26 日，共計 87 日（含飛行日）,2,走訪當地產學研單位，整合物聯網與能源管理分析，定義關鍵 KPI 並制定長期穩定之智慧城市發展策略。
K-10-14,https://twpathfinder.org/overview_d/575,智利醫起拼：數位連線,智利,★年度旗艦計畫　　　　　　　　　　　　榮邦計畫：青年國際科技交流,跨國智慧醫療實習,暫定 115 年 9 月 1 日至 11 月 26 日，共計 87 日（含飛行日）,2,舉辦線上共創工作坊，並規劃智利市府官員赴台實習，透過技術說明書與實地培訓，實踐雙邊醫療深度連結。
K-10-15,https://twpathfinder.org/overview_d/576,Youth+不設限,聖露西亞卡斯翠,★年度旗艦計畫　　　　　　　　　　　　榮邦計畫：青年國際科技交流,聖露西亞青年經濟實務,115 年 9 月 1 日至 11 月 30 日期間（其中1個月，不含飛行日）。,1,深入熱帶島國，學習國家級青年發展策略，與當地夥伴共創具影響力的經濟專案，實踐國際交流。
K-10-16,https://twpathfinder.org/overview_d/566,加勒比海島嶼行銷大使,聖文森、格瑞那丁,★年度旗艦計畫　　　　　　　　　　　　榮邦計畫：青年國際科技交流,加勒比海景點升級與全球行銷,115 年 7 月 1 日至 12 月 15 日，共計 168 日（不含飛行日）,1,深入聖國觀光部，親手參與景點改造與國際推廣，在加勒比海實踐你的旅遊藍圖，公私協力翻轉海島觀光！
K-10-17,https://twpathfinder.org/overview_d/577,解題特工組：聖地行動,聖文森、格瑞那丁,★年度旗艦計畫　　　　　　　　　　　　榮邦計畫：青年國際科技交流,數理思維與邏輯實戰方案,115 年 7 月 1 日至 12 月 15 日，共計 168 日（不含飛行日）,2,任務代號：數理突破！由專業團隊深入課後輔導前線，協助 6-11 年級學生擊破學業痛點，建立自信與競爭力。
K-10-18,https://twpathfinder.org/overview_d/567,巴國築夢：數位權利遠征,巴拉圭亞松森,★年度旗艦計畫　　　　　　　　　　　　榮邦計畫：青年國際科技交流,守護拉美網路自由,115 年 9 月 1 日至 10 月 30 日，共計 60 日（不含飛行日）,2,進駐巴國頂尖組織 TEDIC，深入研究法規與技術，親手籌辦國際研討會，在南美洲開啟數位正義的職涯新視野。
K-10-20,https://twpathfinder.org/overview_d/568,野生守護者,史瓦帝尼,★年度旗艦計畫　　　　　　　　　　　　榮邦計畫：青年國際科技交流,見證史國保育奇蹟,115 年 9 月 14 日至 10 月 16 日，共計 33 日（不含飛行日）,1,前進非洲之心，攜手 Big Game Parks 守護瀕危犀牛與獅群。從國家公園經營到防範盜獵，親歷第一線野性現場。
K-10-21,https://twpathfinder.org/overview_d/569,史國援外公衛行動家,史瓦帝尼,★年度旗艦計畫　　　　　　　　　　　　榮邦計畫：青年國際科技交流,深入史瓦帝尼公衛前線,115 年 9 月 14 日至 10 月 16 日，共計 33 日（不含飛行日）,1,攜手 Young Heroes 深入史國，從社區篩檢到大數據防疫，用五週時間見習國際援助，翻轉愛滋防疫新視野！
I-1-1,https://twpathfinder.org/overview_d/570,中歐教育論壇實戰,斯洛伐克布拉提斯拉瓦,(一)國際組織、基金會、智庫見習,中歐教育論壇現場實戰與技能培訓,115 年 9 月 2 日至 11 月 22 日，共計 82 天（含飛行日）,1,參與中歐教育論壇實務，透過12週深度行政與現場協作，掌握NGO管理、政策倡議及數據分析等專業技能。
I-1-2,https://twpathfinder.org/overview_d/571,歐洲安全與能源策略實踐,斯洛伐克布拉提斯拉瓦,(一)國際組織、基金會、智庫見習,中歐能源安全與政策研究實踐,115 年 9 月 15 日至 12 月 5 日，共計 82 日（含飛行日）,1,親臨中東歐能源論壇，投身歐盟安全與烏克蘭重建研究，透過政策分析、國際議程協調，解鎖外交實戰力。
I-1-3,https://twpathfinder.org/overview_d/578,探戈與智庫的政策共舞,阿根廷圖庫曼市,(一)國際組織、基金會、智庫見習,培育拉美事務與民主治理專才,115 年 9 月 1 日至 11 月 30 日，共計 91 日（不含飛行日）,2,赴布宜諾斯艾利斯進行實務研究，鎖定民主價值與區域經貿議題，回國分享外交洞見，成為具戰略視野的青年先鋒
I-1-4,https://twpathfinder.org/overview_d/579,墨西哥軟實力領袖營,墨西哥墨西哥市、瓦哈卡州、哈利斯科州或恰帕斯州,(一)國際組織、基金會、智庫見習,文化觀光與領導力開發,115 年 10 月 3 日至 11 月 30 日，共計 59 日（含飛行日）,2,與在地基金會合作，學習永續觀光經營，透過專案連結社區發展，建立深度的國際人際連結。
I-1-5,https://twpathfinder.org/overview_d/581,外交練功坊,印度新德里,(一)國際組織、基金會、智庫見習,科技與地緣政治,115 年 8 月 1 日至 11 月 1 日，共計 93 日（不含飛行日）,2,進駐國際外交智庫三至六月，在導師與研究夥伴指導下進行政策研究，參與論壇並完成公開發表成果。
I-1-6,https://twpathfinder.org/overview_d/582,戰略羅盤航向印太,印度新德里,(一)國際組織、基金會、智庫見習,印太海權地緣戰略與國際政治,115年 9 月 1 日至 12 月 1 日，共計 92 日（不含飛行日）,2,給自己一個航向未知的機會。在印度的海洋心臟，用三個月換取一輩子的戰略格局，寫下最獨特的青春篇章。
I-1-7,https://twpathfinder.org/overview_d/583,國際特工：人權守門員,捷克布拉格,(一)國際組織、基金會、智庫見習,國際事務與實務研習,115 年 9 月 1 日至 11 月 20 日，共計 81 日（不含飛行日）,1,深入 PIN 人權部門！強化國際援助術能，解析全球人道議題脈絡，探索未來在國際舞台發揮影響力的無限可能。
I-1-8,https://twpathfinder.org/overview_d/584,光影紀錄：人權剪接師,捷克布拉格,(一)國際組織、基金會、智庫見習,國際事務與數位內容創作,115 年 9 月 1 日至 11 月 20 日，共計 81 日（不含飛行日）,1,走入人權倡議最前線！強化國際事務知能，將人道救援素材轉化為震撼影像，在 PIN 探索數位敘事的無限可能。
I-1-9,https://twpathfinder.org/overview_d/585,解碼 PIN：影響力特工,捷克布拉格,(一)國際組織、基金會、智庫見習,國際事務與影音實務,115 年 9 月 1 日至 11 月 20 日，共計 81 日（不含飛行日）,1,直擊國際人道援助核心！深度參與媒體部門運作，累積跨國實務經驗，讓專業術能成為推動人權進步的關鍵力量。
I-1-10,https://twpathfinder.org/overview_d/586,PIN：虛擬實境實驗室,捷克布拉格,(一)國際組織、基金會、智庫見習,國際事務與科技倡議,115 年 9 月 1 日至 11 月 20 日，共計 81 日（不含飛行日）,1,挑戰跨國影響力！在媒體部門研究 VR 應用，強化國際事務知能，用 360 度視角探索你在人道議題中的無限可能。
I-1-11,https://twpathfinder.org/overview_d/580,全球民主政策研究特攻,保加利亞索菲亞,(一)國際組織、基金會、智庫見習,民主研究數位治理,115 年 10 月 30 日至 11 月 29 日間，共計 31 天（不含飛行日）,1,想了解科技如何翻轉民主？加入CSD團隊，解密可信賴網路與碳權合作。透過專業翻譯與研究訓練，走進半導體供應鏈的戰略中心，培養接軌國際的數位政策分析力。
I-1-12,https://twpathfinder.org/overview_d/587,荷蘭運河上的彩虹夢想,荷蘭阿姆斯特丹,(一)國際組織、基金會、智庫見習,跨越國境的彩虹,暫定 115 年 7 月 15 日至 8 月 15 日，共計 32 日（不含飛行日）,1,飛往阿姆斯特丹世界同志大遊行！透過運河遊行與亞裔權益工作坊，在專業導師帶領下實踐公民倡議，拓展國際人脈。
I-1-13,https://twpathfinder.org/overview_d/589,布一樣潮 時尚職人旅程,義大利米蘭,(一)國際組織、基金會、智庫見習,躍上國際時裝伸展台,115 年 9 月 21 日至 10 月 4 日，共計 14 日（不含飛行日）,10,前進米蘭時尚學院，深度研習頂尖打版與紡織實務！由業師全程輔導並提供食宿交通支援，助你從臺灣職人蛻變為國際設計先驅，國家助你勇敢追夢。
I-1-14,https://twpathfinder.org/overview_d/590,書寫愛爾蘭，圓夢計畫,愛爾蘭都柏林,(一)國際組織、基金會、智庫見習,都柏林打造台愛文學新視界,115 年 9 月 10 日至 12 月 2 日，共計 84 日（不含飛行日）,1,進駐三一大學頂尖翻譯中心，策劃歐陸文學盛事。透過籌辦新書及研討會，讓臺灣觀點走入國際，成就非凡！
I-1-15,https://twpathfinder.org/overview_d/591,勇闖貝里斯：保育實習生,貝里斯貝里斯市、貝爾墨潘,(一)國際組織、基金會、智庫見習,用影像與設計守護雨林,115 年 9 月 1 日至 9 月 30 日，共計 30 日（不含飛行日）,1,前進貝里斯！擔任 PACT 實習生，投身氣候金融與保育田調，將你的社群創意轉化為影響世界的環保能量。
I-1-16,https://twpathfinder.org/overview_d/594,華府躍遷：青年國際計畫,美國華盛頓特區,(一)國際組織、基金會、智庫見習,與世界菁英共築民主願景,115 年 9 月 1 日至 11 月 30 日，共計 91 日（不含飛行日）,1,前進駐美代表處與NED，在華府智庫第一線見習！計畫提供專業導師輔導、簽證補助及生活支援，助你掌握印太戰略格局，開啟接軌國際的職涯巔峰。
I-1-19,https://twpathfinder.org/overview_d/588,淨零智庫！永續大進擊,日本神奈川縣及東京,(一)國際組織、基金會、智庫見習,日本地方政府淨零轉型治理見習,暫定 115 年 7 月中下旬至 10 月上旬，共計 80 日（不含飛行日）,2,本計畫與 ICLEI Japan 及國際智庫 IGES 深度協作，帶領學生直擊日本淨零轉型路徑。透過參與循環經濟政策研究，掌握全球治理脈動，產出具影響力的專題成果，成為未來政策領航者！
I-1-20,https://twpathfinder.org/overview_d/595,城市未來製造,日本東京,(一)國際組織、基金會、智庫見習,地方治理研究,115 年 8 月 16 日至 9 月 18 日，共計 34 日（含飛行日）,2,透過赴日觀摩地方自治研究機構，理解地方治理運作模式，學習制度設計與比較研究方法，培養政策分析與制度比較能力，提升政策研究專業素養。
I-1-21,https://twpathfinder.org/overview_d/596,美東領袖特攻,美國波士頓、華盛頓特區、紐約,(一)國際組織、基金會、智庫見習,國際組織見習與領袖交流,115 年 10 月 11 日至 10 月 27 日，共計 17 日 ( 含飛行日 ),16,走進國際公共事務與文化交流場域，透過觀摩與互動學習，培養青年理解全球議題並建立行動力與國際視野，啟發青年成為未來國際參與者。
I-1-22,https://twpathfinder.org/overview_d/597,印加文明解鎖,祕魯庫斯科、利馬,(一)國際組織、基金會、智庫見習,多元文化探索,暫定 115 年 6 月 25 日至 7 月 10 日，共計 16 日（含飛行日）,16,深入祕魯各地文化場域，認識多元族群的歷史背景與文化發展脈絡。
I-1-23,https://twpathfinder.org/overview_d/592,智庫領航 加亞外交實習,加拿大多倫多,(一)國際組織、基金會、智庫見習,加亞關係研究與全球高峰會籌辦見習,"115 年 8 月 17 日入境加拿大,115 年 8 月 24 日開始見習,115 年 12 月 9 日離境加拿大,共計 115 天 (不含飛行日)。",1,本計畫進駐加拿大亞太智庫，參與孟買 CanWIN 全球高峰會籌備。學生將在多倫多大學與新世代領袖對話，研究印太戰略與經貿動態，透過撰寫政策報告，培養具備地緣政治視野的國際事務人才！
I-1-24,https://twpathfinder.org/overview_d/593,德國教育實踐營,德國：波昂、柏林,(一)國際組織、基金會、智庫見習,跨國教育外交與政策見習,115 年 7 月 6 日至 7 月 20 日，共計 15 日 ( 不含飛行日 ),2,從法規到國際交換，全方位解構教育政策中樞，培育下一代引領國際的教育行政專才。
I-1-25,https://twpathfinder.org/overview_d/598,知識守護者,巴拉圭亞松森市,(一)國際組織、基金會、智庫見習,文化教育及圖書館管理,暫定 115 年 7 月 20 日至 12 月 19 日期間，共計 1 個月（不含飛行日）,1,透過Koha系統與編目實務，培養分類與資訊組織能力，參與知識架構的建立過程。
I-1-26,https://twpathfinder.org/overview_d/599,解碼韌性：未來城市實驗室,德國波昂,(一)國際組織、基金會、智庫見習,韌性、循環與城市治理,暫定 115 年 9 月至 12 月間，共計 80 日（不含飛行日）,5,直擊全球研究前線！從調適策略到數位金融，參與 ICLEI 多元主題部門，在國際網絡中累積永續治理實務經驗。
I-1-27,https://twpathfinder.org/overview_d/601,汞的陰影 從水俣到世界,日本熊本縣水俣市,(一)國際組織、基金會、智庫見習,汞污染公害,暫定 115 年 10 月中下旬至 11 月上旬，共計 18 日（含飛行日）,10,透過案例研習與實地觀察，從汞污染事件出發，解析國際公約與治理策略，培養青年環境思辨與國際理解力，理解環境與社會共生之路。
I-1-28,https://twpathfinder.org/overview_d/602,海洋永續行動力,日本東京,(一)國際組織、基金會、智庫見習,海洋永續治理,115 年 9 月 1 日至 11 月 20 日，共計 81 天（含飛行日）,1,走進海洋政策研究現場，認識藍碳與海洋科學，理解政府如何透過跨部門合作推動永續海洋行動。
I-1-29,https://twpathfinder.org/overview_d/604,亞太海洋導航者計畫,日本東京、橫須賀 、遠端,(一)國際組織、基金會、智庫見習,海洋事務研究,暫定 115 年 8 月 1 日至 10 月 23 日，共計 84 日（含飛行日）,1,透過實際參與研究與行政工作，探索海洋相關職涯與未來發展方向，認識研究如何推動海洋永續發展與政策實踐。
I-1-30,https://twpathfinder.org/overview_d/605,加拿大性權倡議實踐營,加拿大溫哥華、卡加利、多倫多,(一)國際組織、基金會、智庫見習,加國性教育與社運實踐,115 年 8 月 28 日至 9 月 17 日，共計 21 日（含飛行日）,15,深入加國頂尖大學與指標性NGO，實地觀摩性健康與性別政策。在專業導師帶領下，為臺灣性平願景寫下新篇章！
I-1-31,https://twpathfinder.org/overview_d/600,永續領航：澳洲治理蹲點,澳洲／雪梨,(一)國際組織、基金會、智庫見習,永續治理與國際公共事務海外見習,115 年 7 月 4 日至 7 月 20 日，共計 17 日（含飛行日）,20,本計畫赴澳洲西雪梨大學，聚焦永續治理與公共政策實務。透過校園課程、機構參訪與國際學伴制度，探討高教如何參與地方創生與社會轉型，培養具備國際移動力之公共事務人才！
I-1-32,https://twpathfinder.org/overview_d/610,全球青年領袖之路,美國紐約,(一)國際組織、基金會、智庫見習,聯合國會務與實務見習,115 年 9 月 7 日至 11 月 6 日，共計 61 日（不含飛行日）,3,憑藉世台基金會聯合國諮詢地位，帶你直擊紐約總部，參與婦女大會與高階論壇，實戰學習 NPO 營運秘辛。
I-1-33,https://twpathfinder.org/overview_d/611,城市不倒翁：美東探險,美國卡羅來納州、南卡羅來納州,(一)國際組織、基金會、智庫見習,台美防災治理與永續,115 年 8 月 22 日至 9 月 6 日，共計 16 日（含飛行日）,18,實地開箱 Helene 颶風災後現場，解鎖流域治理密碼。透過體驗與導覽，看雙城如何打造打不倒的強韌生命力。
I-3-1,https://twpathfinder.org/overview_d/603,矽谷築夢 新創實戰交流,美國舊金山,(三)新創團隊及職能培力,創業思維培養,115 年 9 月 25 日至 10 月 13 日，共計 19 天 ( 含飛行日 ),5,"從新創案例與交流中，帶領青年實際走進矽谷新創與科技社群,學習如何在生成式 AI、雲端服務、生態系平台、軟硬體整合快速變化的環境中,找到適合自己團隊的切入點與生存策略，建立創新思維。"
I-3-2,https://twpathfinder.org/overview_d/606,日本傳媒：AI 領導力,日本東京,(三)新創團隊及職能培力,日本數位媒體經營與 AI 轉型見,暫定 115 年 8 月 1 日至 8 月 15 日，共計 15 天 ( 含飛行日 ),20,本計畫深入東京 Mediagene 總部，與 C-Level 高層對談媒體轉型。學習 AI 廣告科技與大數據應用，透過圓桌模擬與創新提案，解密亞洲頂尖傳媒運籌，培養具國際商務洞察的數位領導人才！
I-3-3,https://twpathfinder.org/overview_d/607,德國 4.0 實境冒險,德國：法蘭克福、斯圖加特,(三)新創團隊及職能培力,新創培力與智慧自動化實務,暫定 115 年 10 月 4 日至 10 月 20 日，共計 17 天（含飛行日）,15,直擊全球自動化大展與工業研究所。17天對話德式工藝與太陽能之都，為高雄青年打造永續經營硬實力！
I-3-4,https://twpathfinder.org/overview_d/608,創業家特攻隊,美國亞利桑那州,(三)新創團隊及職能培力,新創團隊培育與實戰工作坊,暫定 115 年 8 月 12 日至 8 月 27 日，共計 16 天（含飛行日）,15,帶著創業夢闖蕩鳳凰城！深度參與新創聚會，對話頂尖學研單位與台商協會，打造你的全球新創人脈與國際影響力。
I-3-5,https://twpathfinder.org/overview_d/609,新創大腦升級,日本東京,(三)新創團隊及職能培力,國際新創職能與生態實習,暫定 115 年 8 月 17 日至 10 月 15 日，共計 60 天（不含飛行日）,2,直擊東京最大新創基地！擔任國際事務專員，對接日台資源，深度解構日本創業生態，養成國際即戰力。
I-3-6,https://twpathfinder.org/overview_d/615,我的加州創業生存戰,加拿大卑斯省甘露市,(三)新創團隊及職能培力,企業初創實務與市場定位,115 年 9 月 21 日至 10 月 17 日，共計 27 日（不含飛行日）,20,實戰演練創業全過程！從財務建模到投資人談判，分組開發專案並親手組建新企業，掌握商業落地的關鍵密碼。
I-3-7,https://twpathfinder.org/overview_d/793,系統架構師：歐洲進化論,荷蘭愛因荷芬、鹿特丹、台夫特、阿姆斯特丹,(三)新創團隊及職能培力,創新生態與永續科技,115 年 10 月 15 日至 11 月 1 日，共計 18 日（含飛行日）,16,走進全球深科技聚落！結合 HTI 專業課程與荷蘭設計週，培養跨領域整合力，親身實踐荷蘭式系統思考。
I-3-8,https://twpathfinder.org/overview_d/794,尤點子社企特攻,泰國曼谷,(三)新創團隊及職能培力,跨國社創思維與實務培力,115 年 8 月 1 日至 8 月 16 日，共計 16 天（含飛行日）,20,深入 AIT 實戰社企設計思考，對話泰國草根創新，打造翻轉社會的行動方案與全球影響力。
I-3-9,https://twpathfinder.org/overview_d/795,金創世代：國際金融實戰,德國法蘭克福,(三)新創團隊及職能培力,國際金融趨勢與新創產業人才培力,115 年 8 月 29 日至 9 月 14 日，共計 17 天（含飛行日）,20,本計畫透過專業課程與實地參訪，帶領青年掌握國際金融趨勢與新創脈動。藉由業師引領與文化交流，累積跨國實務經驗並激發創新思維，培養帶動臺灣金融升級的領航人才！
I-3-10,https://twpathfinder.org/overview_d/796,卓越教職：台美見習營,美國華盛頓州,(三)新創團隊及職能培力,解密華盛頓州導師制度,115 年 7 月 22 日至 8 月 7 日，共計 17 日（含飛行日）,5,深入華盛頓州教育廳，掌握系統化教師支持心法；透過蹲點見習與業師引導，與美方實務交流，翻轉專業視野。
I-4-1,https://twpathfinder.org/overview_d/797,創生特派員：雙城出任務,日本美濃市、陸奧市,(四)青年地方創生及社區機構,城市外交與品牌企劃實踐,暫定 115 年 7 月 25 日至 8 月 11 日，共計 18 日（含飛行日）,15,深入岐阜與青森，對接頂尖設計公司與創生協議會。透過實地走訪與企劃培訓，將日本經驗轉化為高雄的國際影響力。
I-4-2,https://twpathfinder.org/overview_d/798,沖繩編輯力,日本沖繩,(四)青年地方創生及社區機構,黑潮圈創生與文化轉譯,115 年 9 月 1 日至 9 月 19 日，共計 19 天（含飛行日）,15,跨越黑潮！深入沖繩，解鎖地方編輯術，將島嶼記憶轉化為創生養分，用筆與鏡頭改寫台灣地方故事。
I-4-3,https://twpathfinder.org/overview_d/799,光影造路：青年自媒體行動,韓國忠清南道扶餘郡、忠清北道忠州市,(四)青年地方創生及社區機構,自媒體經營及台韓文化交流,暫定 115 年 8 月 18 日至 9 月 1 日，共計 15 天（含飛行日）,15,去韓國當一場生活實驗的主角！以自媒體作為文化理解工具，透過海外實地觀察與跨國交流，讓影像創作成為連結兩地的橋樑，親手打造未來臺韓交流的新範本。
I-4-4,https://twpathfinder.org/overview_d/800,北海道職人朝聖,日本北海道,(四)青年地方創生及社區機構,工藝美學與地景再造,115 年 8 月 3 日至 8 月 17 日，共計 15 天（含飛行日）,16,當苑裡藺草遇上北海道職人精神。深入糧倉與森林，學習品牌六級化，將土地最真實的價值轉化為當代生活美學。
I-4-5,https://twpathfinder.org/overview_d/801,斜槓農人計畫,日本群馬縣,(四)青年地方創生及社區機構,環境永續與農創實務行動,115 年 7 月 6 日至 7 月 26 日，共計 21 天（含飛行日）,5,在群馬實習有機農法與溫室技術，並用社群轉譯地方魅力，養成未來農創即戰力。
I-4-6,https://twpathfinder.org/overview_d/802,島與森的對話,印尼雅加達、泗水、日惹特區,(四)青年地方創生及社區機構,生態社造見習,115 年 10 月 15 日至 11 月 13 日，共計 30 天（含飛行日）,2,從火山到紅樹林，直擊INDECON的永續社造心法，學習社區共好與生態營運，開啟地方創生新視野。
I-4-7,https://twpathfinder.org/overview_d/803,社區發展 接軌國際,加拿大渥太華,(四)青年地方創生及社區機構,青年社區服務國際見習,115 年 8 月 7 日入境加拿大，115 年 8 月12 日開始見習， 115 年 12 月10 日離境加拿大，共計 126 天（不含飛行日）。,2,赴加拿大HCDL參與社區基礎服務轉型專案，協助NEET青年發展可行途徑，累積國際經驗並推廣社會影響力。
I-4-8,https://twpathfinder.org/overview_d/804,客聚南洋青年實踐行動,新加坡、印尼雅加達,(四)青年地方創生及社區機構,田野調查及文化外交,115 年 7 月 1 日至 7 月 30 日，共計 30 日（含飛行日）,20,從新加坡指標建築啟用到印尼聚落深度蹲點，深度挖掘南洋客家靈魂！透過田野調查與藝術創作，開啟一場連結全球認同的文化外交行動。
I-5-1,https://twpathfinder.org/overview_d/805,大英駐點計畫,英國倫敦,(五)文創機構,國際級科學博物館人才養成,115 年 7 月 20 日至 8 月 10 日，共計 22 天（含飛行日）,6,供具基礎了解且有志於科博展示教育之學生，前往大英自然史博物館駐點學習的機會。
I-5-4,https://twpathfinder.org/overview_d/806,加拿大藝文特攻,加拿大溫哥華及多倫多,(五)文創機構,跨文化策展與國際媒體實習,暫定 115 年 7 月 1 日至 9 月 15 日，共計 77 天 （不含飛行日）,3,橫跨溫哥華與多倫多！深入台灣節與媒體實習，透過音樂節策劃與採訪，將臺灣客家魅力帥氣推向全球舞台！
I-5-5,https://twpathfinder.org/overview_d/807,掌握國際博物館大小事,美國聖塔安娜,(五)文創機構,從藝術實作開拓策展視野,暫定 115 年 8 月 1 日至 8 月 31 日，共計 31 天 ( 含飛行日 ),2,想看博物館的秘密後台嗎？前進海外挑戰策展實戰！協助藝術活動推廣，深入了解從藏品到展覽的神祕過程。用行動力連結社區與藝術，成為最具國際視野的文化推手。
I-5-6,https://twpathfinder.org/overview_d/808,文化駭客：職場讀心術,加拿大卑斯省甘露市,(五)文創機構,全球多元文化團隊協作,115 年 9 月 21 日至 10 月 17 日，共計 27 日（不含飛行日）,20,拆解面子談判與文化理論，在跨國工作坊中學習與世界溝通，打造在多元文化浪潮中脫穎而出的領導力。
I-5-7,https://twpathfinder.org/overview_d/809,城市畫布：休士頓特攻,美國德州休士頓,(五)文創機構,街頭藝術與文化認同,115 年 7 月 20 日至 8 月 9 日，共計 21 日（含飛行日）,6,藝術不只是創作！學習如何結合公部門與民間資源，掌握藝術管理的商業密碼，打造具備國際視野的創意策劃力。
I-5-8,https://twpathfinder.org/overview_d/810,解密柏林書海,德國柏林,(五)文創機構,圖書資訊管理與數位典藏,暫定 115 年 9 月 7 日至 21 日，共計 15 日 ( 不含飛行日 ),2,直擊柏林國家圖書館，實戰元資料處理與數位出版，讓圖資專業與德式嚴謹完美對接。
I-5-9,https://twpathfinder.org/overview_d/812,文物守護者,日本太宰府市,(五)文創機構,赴日跨越亞洲文化巔峰,暫定 115 年 8 月 19 日至 9 月 2 日，共計 15 日 ( 含飛行日 ),1,前進日本頂尖博物館，親研文物修復與策展。在太宰府古都，由專業業師指導，開啟國際藝術行政職涯！
I-5-10,https://twpathfinder.org/overview_d/811,馬戲特攻大任務,比利時布魯塞爾、德國柏林、捷克布拉格,(五)文創機構,當代馬戲藝術策展與專業教育考察,115 年 7 月 26 日至 8 月 15 日，共計 21 天 ( 含飛行日）,16,從頂尖馬戲學校實戰到國際藝術節策展分析，與全球專業人士對話，翻轉你的藝術視野。
I-5-11,https://twpathfinder.org/overview_d/813,舞動希望之翼,韓國首爾,(五)文創機構,前進海外共創藝術盛典,115 年 7 月 5 日至 9 月 26 日，共計 84 日（含飛行日）,3,國家撐腰！前進海外參與大型演出，從幕後企劃、舞台實作到跨國宣傳，舞蹈專才更有機會親自登台圓夢。
I-5-12,https://twpathfinder.org/overview_d/816,前進紐約藝術文化管理,美國紐約,(五)文創機構,跨國藝文創新與交流,115 年 8 月 3 日至 9 月25 日，共計 54 天（不含飛行日）,1,參與協和山莊藝術交流，涵蓋展覽策劃、導覽與項目管理培訓，深入戶外藝術公園運作，促進文化交流。
I-5-13,https://twpathfinder.org/overview_d/814,米蘭藝術家登出中,義大利米蘭,(五)文創機構,藝術創作與品牌海外實踐,暫定 115 年 7 月 1 日至 7 月 16 日，共計 16 天（含飛行日）,16,登出平庸，前進米蘭！從自我探索、品牌建構到藝廊實務，由義大利名師親授，打造你走向國際市場的藝術通行證。
I-5-14,https://twpathfinder.org/overview_d/815,策展練習曲,瑞典斯德哥爾摩,(五)文創機構,探索世界文化策展,115 年 8 月 17 日至 9 月 27 日，共計 42 日（不含飛行日）,2,國家助你前進斯德哥爾摩！深入瑞典四大國立博物館，由導師帶領實習研究、策劃台瑞文化展演，成就專業職涯。
I-6-2,https://twpathfinder.org/overview_d/817,從深海到森林,日本京都市,(六)青年行動及服務,靈長類研究與學研合作,暫定 115 年 9 月中旬至 10 月下旬之間，共計 17 日（含飛行日）,6,深入日本大型靈長類研究重鎮！學習京都大學與動物園的建教模式，透過行為觀察修正研究計畫，解鎖科研實戰力。
I-6-3,https://twpathfinder.org/overview_d/818,現代動物園的價值及實踐,日本高知縣香南市,(六)青年行動及服務,多元物種與資源永續,暫定 115 年 8 月上旬至 9 月中旬，共計 17 日（含飛行日）,6,橫跨動物園、植物園與深海漁場！深入高知山海，學習物種多樣性與資源循環，打造具國際視野的生態職涯。
I-6-4,https://twpathfinder.org/overview_d/819,人熊共生對策,日本札幌市,(六)青年行動及服務,展場改建與動物福祉,暫定 115 年 6 月 20 日至 7 月 30 日間，共計 17 日（含飛行日）,6,見證傳統動物園轉型！學習大象館與雨林館的頂尖設計，及針對棕熊闖入的緊急應對與預防機制，重塑對物種保育的想像。
I-6-5,https://twpathfinder.org/overview_d/820,臺法藝境,法國巴黎,(六)青年行動及服務,跨文化交流與表演藝術推廣,115 年 9 月 14 日至 11 月 30 日，共計 78 天（含飛行日）,3,在巴黎推廣臺灣表演藝術，協助研究計畫與文化活動，建立臺法藝術連結，開拓你的國際文化視野！
I-6-6,https://twpathfinder.org/overview_d/821,動物守護者計畫,美國德克薩斯州休士頓市,(六)青年行動及服務,專業職能培訓：國際保育實務,暫定 115 年 10 月 1 日至 10 月 16 日，共計 16 天 ( 含飛行日 ),5,直擊全美頂尖動物園！深度實習大象照護與野生動物救傷流程，對話國際專家團隊，養成全球級保育競爭力。
I-6-7,https://twpathfinder.org/overview_d/822,歐盟生命守護計畫,荷蘭阿姆斯特丹、海牙、比利時夫萊特倫等地,(六)青年行動及服務,歐盟動物福祉實務與政策見習,115 年 10 月 1 日至 10 月 23 日，共計 23 天 ( 含飛行日 ),16,實戰 Aeres 大學農場評估，直擊全球首座漂浮農場，比較跨國收容體系，培育國際級生命守護者。
I-6-8,https://twpathfinder.org/overview_d/823,為愛不打烊,波蘭格丁尼亞,(六)青年行動及服務,文化交流實踐,115 年 9 月 27 日至 11 月 7 日，共計 42 日 ( 不含飛行日 ),3,藉由文化互動與學校服務，以台灣元素設計課後活動，讓學童瞭解不同的文化，進一步拓展學童國際視野，同時拓展青年跨國友誼與視野。
I-6-9,https://twpathfinder.org/overview_d/824,阿蘇青少年探險隊,日本阿蘇市,(六)青年行動及服務,深入阿蘇火山野外冒險,暫定 115 年 9 月 1 日至 10 月 31 日，共計 61 日 ( 含飛行日 ),1,前進日本國立教育基地，策劃火山探險與防災露營！跨足學校及台積電熊本廠參訪，培育國際級社會教育人才。
I-6-10,https://twpathfinder.org/overview_d/825,GRACE實踐計畫,帛琉,(六)青年行動及服務,奠定邦交國公共衛生基礎,暫定 115 年 7 月 12 日至 7 月 27 日，共計 16 日（含飛行日）,16,結合公共衛生專業與國際行動，透過培訓、實地調查與返國分享，建構帛琉健康基線並強化青年跨域合作與實踐能力。
I-7-1,https://twpathfinder.org/overview_d/826,醫界合作之橋,美國橙縣(加利福尼亞州南部),(七)僑胞海外公共參與,海外影響力培養,115 年 9 月 14 日至 9 月 27 日，共計 14 天（不含飛行日）,2,實際參與僑團活動，瞭解當地僑團如何運用海外人際網絡，爭取當地主流人士支持。
I-7-2,https://twpathfinder.org/overview_d/827,臺灣文化巡禮,美國聖地牙哥,(七)僑胞海外公共參與,跨文化觀察,115 年 9 月 14 日至 9 月 27 日，共計 14 日（不含飛行日）,2,參與僑團合作活動與科技論壇，實際體驗海外社群運作，培養青年跨文化溝通與社群能力。
I-8-1,https://twpathfinder.org/overview_d/828,全球水工程國際研究行動,荷蘭台夫特市,(八)專業職能培訓,水工程技術及跨國人脈鏈結,115 年 7 月 1 日至 9 月 22 日，共計 84 天（不含飛行日）,2,在頂尖導師帶領下參與國際水質研究，掌握尖端實驗與分析技術，建立跨國專業人脈，並透過實務研究訓練，全面提升職涯競爭力與專業文件撰寫能力。
I-8-2,https://twpathfinder.org/overview_d/829,世界侍酒之戰,葡萄牙里斯本,(八)專業職能培訓,國際侍酒大賽與產業實務,115 年 10 月 7 日至 10 月 22 日，共計 16 天（含飛行日）,15,站上葡萄酒界的最高殿堂！2026 ASI 世界大賽實地見習，親歷頂尖技術與酒莊工藝，讓專業瞬間進化。
I-8-3,https://twpathfinder.org/overview_d/830,雙語教育極速學習,美國加州,(八)專業職能培訓,AI 雙語教學及跨文化交流,暫定 115 年 8 月 27 日至 9 月 15 日，共計 20 天（含飛行日）,15,直擊矽谷！在加州與僑校，運用AI實戰雙語教學，從零建構國際教育視野與教案超能力。
I-8-4,https://twpathfinder.org/overview_d/832,青年赴法廚藝圓夢,法國巴黎、迪戎,(八)專業職能培訓,解構頂級法餐美學,115 年 10 月 25 日至 11 月 10 日，共計 17 日 ( 含飛行日 ),10,深入藍帶與Ferrandi學院，親探全球最大生鮮市場與勃艮地風土，由名廚帶領掌握台法餐飲外交實力。
I-8-5,https://twpathfinder.org/overview_d/831,韌性都市：東京危機治理,日本東京,(八)專業職能培訓,超高密度城市韌性與災害管理見習,115 年 8 月 30 日至 9 月 12 日，共 14 天 ( 含飛行日 ),16,深度蹲點東京，結合治理社會學與危機科技，直擊東京都廳與東大研究所。探索 AI 防災應用、抗震技術與公民安全系統，將全球領先的備災哲學轉化為臺灣韌性城市的具體策略，培育跨領域應變人才！
I-8-6,https://twpathfinder.org/overview_d/833,硬頸青年闖澳洲,澳洲雪梨、墨爾本、布里斯本,(八)專業職能培訓,解密連鎖酒店經營,暫定 115 年 7 月 1 日至 8 月 31 日，共計 62 日（不含飛行日）,3,進駐澳洲三大城，由葉義深總會長親自引領，深度觀摩星級酒店營運與客家僑社精神，開拓頂尖職涯國際視野。
I-8-7,https://twpathfinder.org/overview_d/834,德國生醫科技探索,德國亞琛、杜賽道夫、柏林,(八)專業職能培訓,國際醫療產業發展與文化藝術,115 年 11 月 14 日至 12 月 1 日，共計 18 日（含飛行日）。,15,計畫結合醫療科技展會參訪與文化藝術體驗，參訪德國知名產學能研究機構等，探索德國工業設計與科學研究文化教育的現況與特色，強化其對國際醫療產業發展與文化藝術領域的認識與參與能力。
I-8-8,https://twpathfinder.org/overview_d/835,印度工程新視野,印度清奈,(八)專業職能培訓,領航世界第四大經濟體之環工實戰,115 年 11 月 1 日至 116 年 4 月 20 日，共計 173 日（含飛行日）,1,跨出舒適圈！前進印度萬年清參與一線環工專案，由專業業師帶路，不僅享有完整培訓，更在世界舞台磨練專業！
I-8-9,https://twpathfinder.org/overview_d/837,超級氣象員AI追風計畫,美國柯林斯堡,(八)專業職能培訓,數位氣象提升防災效能,115 年 9 月 14 日至 11 月 15 日，共 63 天（含飛行日）,1,前進美國大氣科學殿堂，學習最前瞻的熱帶氣旋預報思維。運用統計分析與數值模式驗證，探討AI在颱風預警的潛力，將國際頂尖技術帶回台灣，為精準防災打造作業指引。
I-8-10,https://twpathfinder.org/overview_d/836,棒球夢啟航,日本東京,(八)專業職能培訓,全齡棒球教育與實務,暫定 115 年 11 月 2 日至 11 月 16 日間，共計 15 日（含飛行日）,12,從國小到職棒！橫跨日本六大層級，直擊侍 Japan 訓練核心，親身感受日本棒球教育的精髓與傳承。
I-8-11,https://twpathfinder.org/overview_d/838,藍色經濟先鋒,日本神奈川縣平塚市,(八)專業職能培訓,日本神奈川縣平塚市,115 年 9 月 24 日至 10 月 14 日，共計 21 天（含飛行日）,3,前進日本平塚！與職人並肩捕撈、實作食魚教育，深入漁業經濟與流通，打造臺灣海洋永續新戰力。
I-8-12,https://twpathfinder.org/overview_d/839,瑞士頂級製錶職人轉進路,瑞士日內瓦,(八)專業職能培訓,對接瑞士精密工藝與產業鏈塑造,115 年 8 月 16 日至 8 月 31 日，共 16 天 ( 含飛行日 ),10,赴瑞研習頂尖製錶實作與品牌經營，汲取精密加工技術與職人精神，轉化為臺灣產業升級的創新動能。
I-8-13,https://twpathfinder.org/overview_d/840,歐洲單車與咖啡冒險行動,斯洛維尼亞盧比安納、義大利諾維利古雷,(八)專業職能培訓,運動行銷與綠色觀光,115 年 8 月 25 日至 9 月 15 日，共計 22 天 ( 含飛行日 ),12,從斯洛維尼亞騎到義大利！深度參與環法賽事運作，探索「單車＋咖啡」的運動觀光商機。在亞得里亞海岸邊騎行邊學習運動行銷，整座城市都是你的戶外教室。
I-8-14,https://twpathfinder.org/overview_d/841,賽道征服者,西班牙巴塞隆納,(八)專業職能培訓,動力與空氣應用,115 年 10 月 21 日至 11 月 6 日，共計 17 日（含飛行日）,6,結合Kart測試與數據影音分析，掌握車輛動態與工程調整策略，提升賽事競技效能。
I-8-15,https://twpathfinder.org/overview_d/842,運動平權夢,美國夏威夷,(八)專業職能培訓,翻轉無障礙賽事新視野,115 年 10 月 2 日至 10 月 18 日，共計 17 日（含飛行日）,16,前進夏威夷見習超級鐵人賽，跨國交流無障礙設計與志工實務，親身實踐運動平權，讓世界看見臺灣青年的影響力！
I-8-16,https://twpathfinder.org/overview_d/843,北美航太技術翱翔營,加拿大溫哥華、美國西雅圖,(八)專業職能培訓,航空工程與飛行實務,115 年 7 月 4 日至 8 月 11 日，共計 39 日( 含飛行日 ),17,結合英語訓練與實作訓練等課程，直擊北美航太研發核心，培養工程創造與精進技術的整合力。
I-8-17,https://twpathfinder.org/overview_d/844,國際搜查線,美國紐海芬市,(八)專業職能培訓,國際刑事司法與交流,115 年 9 月 1 日至 10 月 31 日，共計 61 日（不含飛行日）,1,鏈結全球鑑識權威資源！結合課程學習、警所參訪與會議行政實務，全方位理解美國警政體系與鑑識科學前線。
I-8-18,https://twpathfinder.org/overview_d/845,跨國神探：安全情報局,美國亨茨維爾市,(八)專業職能培訓,刑事司法與鑑識科學,115 年 8 月 16 日至 9 月 6 日，共計 22 日（含飛行日）,15,履歷最強外掛！前進全美刑司名校，沉浸式體驗跨國刑事體系，用科學視角分析犯罪，打造專業硬實力。
I-8-19,https://twpathfinder.org/overview_d/846,防災職人 東京救急行動,日本東京,(八)專業職能培訓,日本防災館見習與消防文化導覽,115 年 9 月 6 日至 9 月 20 日，共計 15 天（含飛行日）,6,本計畫帶領青年深入東京防災館與消防博物館，協助地震、風災及急救講習導覽。透過與日方密切合作，深入瞭解防災應變與歷史變遷，將日本職人經驗轉化為臺灣在地救災能量！
I-8-20,https://twpathfinder.org/overview_d/847,德州實戰密令,美國德州大學城,(八)專業職能培訓,消防與災害管理國際實務,暫定 115 年 9 月至 10 月間，共計 16 天（含飛行日）,5,闖蕩德州農工！16天實戰挑戰，拿取國際消防官證照，從指揮官視角重組災防邏輯，培育守護未來的強悍戰力。
I-8-21,https://twpathfinder.org/overview_d/848,建築進化論,加拿大溫哥華,(八)專業職能培訓,工程科技趨勢,115 年 7 月 16 日至 7 月 31 日，共計 16 日（含飛行日）,10,學習工程感測技術與韌性設計概念，強化結構安全與應變能力，理解未來城市工程發展方向，培養青年工程視野與永續實踐能力。
I-8-22,https://twpathfinder.org/overview_d/849,綠建築解密,日本東京,(八)專業職能培訓,淨零建築推動,115 年 8 月 9 日至 8 月 24 日，共計 16 日（含飛行日）,10,從設計到技術應用，全面了解近零碳建築的規劃與實踐方式，培養淨零轉型關鍵能力，掌握永續建築趨勢。
I-8-23,https://twpathfinder.org/overview_d/850,未來醫學：細胞重啟鍵,美國聖地牙哥,(八)專業職能培訓,再生醫學與單細胞分析,115 年 8 月 9 日至 8 月 23 日，共計 15 日（含飛行日）,15,跨越實驗室圍牆！鏈結全球頂尖研究與 cGMP 開發平台，繪製國際合作地圖，啟動你的生醫新創基因。
I-8-24,https://twpathfinder.org/overview_d/851,未來醫療：波士頓連線,加拿大蒙特婁、美國波士頓、劍橋,(八)專業職能培訓,全球再生醫學產業直通車,115 年 7 月 8 日至 7 月 22 日，共計 15 日（含飛行日 ),15,勇闖 ISSCR 與波士頓創新廊道，解構從實驗室到新創公司的全鏈條，讓你的生醫職涯與世界接軌！
I-8-25,https://twpathfinder.org/overview_d/852,加國氣候永續行動,加拿大溫哥華,(八)專業職能培訓,環境行動實踐,暫定 115 年 7 月 11 日至 8 月 9 日，共計 30 天（含飛行日）,20,透過再生能源、電池回收與戶外實作，以應用型學習與後續行動實踐為特色，補充國內在環境教育與青年發展領域之既有努力，強化青年將永續理念轉化為行動的能力，將永續理念轉化為青年實際行動。
I-8-26,https://twpathfinder.org/overview_d/853,加拿大資安工作坊,加拿大溫哥華,(八)專業職能培訓,科學及網路安全,暫定 115 年 7 月 11 日至 8 月 9 日，共計 30 天（含飛行日）,20,本計畫將聚焦於與取證科學及網路安全相關的主題，讓臺灣青年接觸多元的學習體驗，以拓展對該領域的理解。
I-8-27,https://twpathfinder.org/overview_d/854,加國機械工程實作,加拿大溫哥華,(八)專業職能培訓,應用機械工程,暫定 115 年 7 月 11 日至 8 月 9 日，共計 30 天（含飛行日）,20,聚焦於 BCIT 所進行之應用機械工程實務訓練相關主題，使臺灣青年得以接觸多元的應用工程學習經驗，進而加深其對工程應用領域。
I-8-28,https://twpathfinder.org/overview_d/855,加國汽車技術見習,加拿大溫哥華,(八)專業職能培訓,汽車與電動車維修與保養,暫定 115 年 7 月 11 日至 8 月 9 日，共計 30 天（含飛行日）,20,"透過在 BCIT 及大溫哥華地區各實習場所的應用型學習體驗,深入了解汽車與電動車維修與保養相關的各項內容。"
I-8-29,https://twpathfinder.org/overview_d/856,澳洲冒險：AI 教室實驗室,澳洲墨爾本、雪梨,(八)專業職能培訓,AI與UDL教育見習,115 年 8 月 3 日至 8 月 18 日，共計 16 日（含飛行日）,16,闖蕩墨爾本與雪梨！直擊州教育廳與百大名校，從政策到小學教室，沉浸式解鎖澳洲最強教育創新邏輯。
I-8-30,https://twpathfinder.org/overview_d/857,媒體力在加─CPAC 職人,加拿大渥太華,(八)專業職能培訓,新聞素養與媒體職人訓練,115 年 9 月 14 日入境加拿大，115 年 9 月 21 日開始見習，115 年 12 月 8 日離境加拿大，共計 86 天(不含飛行日)。,1,進駐加拿大頂尖民主媒體！從國會直播到數位內容製作，實戰攝影、剪輯與劇本創作，在無廣告的專業環境中，深度參與公共政策傳播，鍛造接軌國際的媒體實力。
I-8-31,https://twpathfinder.org/overview_d/858,解碼生命：紐約科研實驗室,美國紐約,(八)專業職能培訓,生醫研究與科學方法,115 年 8 月 1 日至 9 月 5 日，共計 36 日（含飛行日）,20,沉浸式每日指導！解析每一項實驗技術背後的邏輯與設計原則，累積深厚實驗室經驗，建構未來高端科研職涯硬實力。
I-8-32,https://twpathfinder.org/overview_d/859,城市治理筆記,美國紐約市,(八)專業職能培訓,全球外交與校務治理,115 年 7 月 24 日至 8 月 7 日，共計 15 日（不含飛行日）,3,深入紐約 BMCC 參與三次辦公室輪調，結合卡內基委員會與聯合國代表團簡報，在文化景點中拓展教育視野。
I-8-33,https://twpathfinder.org/overview_d/860,未來瞳學會,澳大利亞墨爾本,(八)專業職能培訓,全感官科學訓練與臨床轉化,暫定 115 年 9 月 1 日至 116 年 2 月 27 日，共計 180 日（含飛行日）,1,串聯皇家眼耳醫院與 Cerulea 平台，在 20 週淬煉下，將視覺基礎科學進化為守護人類視線的具體行動。
I-8-34,https://twpathfinder.org/overview_d/893,勇闖康乃爾,美國伊薩卡,(八)專業職能培訓,兒少安置與創傷知情實務,暫定 115 年 10 月 3 日至 10 月 19 日，共計 17 天（含飛行日）,15,解鎖國際級危機干預模型，實戰創傷知情照顧，培育具備全球視野的兒少守護菁英。
I-8-35,https://twpathfinder.org/overview_d/861,水源密碼 智慧管理探索,美國紐澤西州蒙特克萊,(八)專業職能培訓,環境管理與教育推廣,暫定 115 年 7 月，共計 14 日（含飛行日）,20,深度參與紐澤西湖泊監測！學習先進儀器應用並投入公民科學教育，用數據守護生命之源，翻轉環境管理思維。
I-8-36,https://twpathfinder.org/overview_d/862,未來實驗室：專利特攻隊,美國波士頓,(八)專業職能培訓,前瞻化學技術與專利轉譯,115 年 9 月 15 日至 11 月 15 日，共計 62 日（含飛行日）,2,鏈結全球百大企業網絡！在 Greenhouse 學習將研發理念商業化，從科研到市場，成為推動環境永續的關鍵人才。
I-8-37,https://twpathfinder.org/overview_d/863,空氣保衛戰：數據偵探,新加坡,(八)專業職能培訓,化學物質管理與監測,115 年 8 月 2 日至 8 月 31 日，共計 30 日（含飛行日）,8,深入新加坡公衛核心！學習環境調查與污染源管控，連結 SDG 核心指標，將星國成熟經驗轉化為台灣治理動能。
I-8-38,https://twpathfinder.org/overview_d/864,綠動地球,荷蘭鹿特丹,(八)專業職能培訓,國際事務與循環產業,115 年 10 月 19 日至 116 年 4 月 16 日，共計 180 日（不含飛行日）,2,鏈結中荷雙邊資源！深入認識荷蘭社會的循環經濟模式，培養跨國溝通力，成為推動資源循環產業轉型的關鍵推手。
I-8-39,https://twpathfinder.org/overview_d/865,綠色基因：泰國科研實習,泰國呵叻府,(八)專業職能培訓,解密植物永續價值,115 年 9 月 1 日至 10 月 31 日，共計 61 日（不含飛行日）,2,走進泰國國家級計畫，在皇室科研中心參與基因庫建立與草本開發。透過跨國導師指導，從實驗室走向產業應用！
I-8-40,https://twpathfinder.org/overview_d/866,原夢澳洲：教育共融足跡,澳洲雪梨、墨爾本、凱恩斯,(八)專業職能培訓,從政策到社群的共融學習,暫定 115 年 9 月，共計 19 日（含飛行日）,16,公費前進澳洲！深入雪梨、墨爾本及凱恩斯，攜手頂尖大學與原民社群，解鎖全球頂尖的多元共融教育實務。
I-8-41,https://twpathfinder.org/overview_d/867,太平洋之子：原民溯源計畫,美國夏威夷,(八)專業職能培訓,跨越太平洋的文化認同與平權,115 年 8 月 16 日至 8 月 30 日，共計 15 日（含飛行日）,16,攜手夏威夷顶尖機構，從航海文化、部落自治到多元性別 mahu，實地探尋原民復振。讓國家支持你跨海蹲點，成為推動社會正義與文化共融的先鋒。
I-8-42,https://twpathfinder.org/overview_d/868,澳視未來：國際教研領航,澳洲布里斯本、黃金海岸,(八)專業職能培訓,定義未來教育新地圖,115 年 8 月 1 日至 8 月 18 日，共計 18 日（含飛行日）,20,前進昆士蘭！深入頂尖大學與州立中學，體驗創業思維與環境教育，打造實戰教案並取得國際認證，共創教育影響力。
I-8-43,https://twpathfinder.org/overview_d/869,暹羅戲劇圓夢行,泰國曼谷、清邁,(八)專業職能培訓,泰國雙城共創泰劇新視界,115 年 7 月 13 日至 8 月 1 日，共計 20 日（含飛行日）,18,跨足曼谷與清邁，與名校共創《海螺王子》舞台劇！實地田調佛寺文化、學習泰拳與蘭納舞蹈，成就跨國藝術職涯。
I-8-44,https://twpathfinder.org/overview_d/870,前進德州：國防航太圓夢,美國休士頓、奧斯汀,(八)專業職能培訓,解密國防科技,115 年 7 月 20 日至 8 月 6 日，共計 18 日（含飛行日）,18,前進 NASA 與 ARL:UT！深度研習國防航太系統，對話頂尖專家。見證從實驗室到戰場的科技轉化歷程！
I-8-45,https://twpathfinder.org/overview_d/871,全球外掛：組織進化論,瑞士日內瓦,(八)專業職能培訓,國際實務特訓與跨國策略同盟,暫定 115 年 8 月 6 日至 8 月 24 日，共計 19 天（含飛行日）,18,獲取地表最強國際實戰清單，藉由引進成功模式，為組織安裝「全球外掛」，讓臺灣實力在國際舞台全面超車！
I-8-46,https://twpathfinder.org/overview_d/872,美國移民法律實戰營,美國加州,(八)專業職能培訓,美國移民法務實務暨數位品牌經營,115 年 9 月 15 日至 11 月 15 日，共計 62 日（不含飛行日）,1,深入研習美國移民法規與簽證實務，參與 2026 最新案例分析，並結合社群媒體經營與影音後製，打造跨領域法務人才。
I-8-47,https://twpathfinder.org/overview_d/873,美國法律數位傳播見習,美國加州,(八)專業職能培訓,美律品牌經營與跨國社群傳播實務,115 年 9 月 15 日至 11 月 15 日，共計 62 日（不含飛行日）,1,結合美國移民實務與數位行銷，透過社群營運、影音後製及僑界參訪，學習將專業法律資訊轉化為品牌傳播能量。
I-8-48,https://twpathfinder.org/overview_d/874,紐約港航運智慧實習營,美國紐澤西、紐華克地區,(八)專業職能培訓,紐約港務與智慧物流,115 年 9 月 12 日至 9 月 28 日，共計 17 日（含飛行日）,20,前進美國NJIT，深度對接紐約—紐澤西港群！結合陽明海運實務，跨海實習智慧物流，打造具備國際競爭力的航運職涯。
I-8-49,https://twpathfinder.org/overview_d/875,冰火淬煉：全納永續新視界,冰島、雷克雅維克,(八)專業職能培訓,淬煉永續新視界,暫定 115 年 9 月 15 日至 9 月 30 日，共計 16 日（含飛行日）,20,駐點小學深度見習，從友誼計畫到工藝實作，結合地熱電廠與國家公園考察，淬煉出不遺漏任何人的永續教案。
I-8-50,https://twpathfinder.org/overview_d/876,巴黎味覺偵探,法國巴黎,(八)專業職能培訓,國際餐飲視野及技藝文化融合,115 年 10 月 15 日至 11 月 1 日，共計 18 天（含飛行日）,20,與法國餐飲從業者交流對談，了解產業發展趨勢、挑戰與國際職涯路徑，強化專業技術與廚房分工能力，培養青年國際餐飲產業視野。
I-8-51,https://twpathfinder.org/overview_d/877,歐洲馬戲狂想曲 (原計畫編號為I-2-1),普圖伊、斯洛維尼亞共和國、斯圖加特、德國,(八)專業職能培訓,當代馬戲與跨文化藝術實務,115 年 7 月 31 日至 8 月 21 日，共計 22 天（含飛行日）,15,直擊全球最大雜耍盛會！透過名師工作坊與當代馬戲實作，深度轉化台灣民俗技藝，與世界表演藝術接軌。
I-9-1,https://twpathfinder.org/overview_d/878,影像故事魔法師,奧地利格拉茲,(九)科技網絡及數位服務,科技網絡與數位服務見習,115 年 10 月 1 日至 116 月 2 月 28 日，共計 151 天（不含飛行日）,1,前進奧地利！加入史泰爾馬克青少年媒體團隊，實戰Youtube與TikTok內容創作，五個月深度見習，養成具國際視野的影像敘事專才。
I-9-2,https://twpathfinder.org/overview_d/879,韓流科技巨擘實踐計畫,韓國首爾特別市、京畿道城南市,(九)科技網絡及數位服務,新創對接及M&A實務,115 年 11 月 1 日至 11 月 15 日，共計 15 日 ( 含飛行日 ),20,直闖Naver與LINE核心，解密韓國「快文化」商戰！對接首爾大學與頂尖創投，在Demo Day親歷投資現場，掌握進軍全球市場的獲利路徑。
I-9-4,https://twpathfinder.org/overview_d/880,社群內容煉金術,奧地利維也納,(九)科技網絡及數位服務,社群媒體與數位內容創作,115 年 10 月 1 日至 116 月 2 月 28 日，共計 151 天（不含飛行日）,1,透過影像與社群媒體內容創作，在奧地利學習資訊推廣，深化國際視野與專業技能。
I-9-5,https://twpathfinder.org/overview_d/881,影像青春誌,奧地利馬特斯堡,(九)科技網絡及數位服務,國際青年與數位內容創作,115 年 10 月 1 日至 116 月 2 月 28 日，共計 151 天（不含飛行日）,1,深入奧地利青年資訊推廣機構，精通社群媒體經營與影片製作流程，開發創新數位內容，連結國際青年網絡，放大創意影響力！
I-9-6,https://twpathfinder.org/overview_d/882,AI 職人見習,加拿大渥太華,(九)科技網絡及數位服務,LC學院AI研究轉型與實踐,115 年 8 月 24 日入境加拿大，115 年 9 月 2 日開始見習， 115 年 12 月 11 日離境加拿大，共計 110 天( 不含飛行日)。,1,前進加拿大頂尖學院參與AURORA專案，投入AI模型開發與數據分析。透過自動化系統優化研究管理，掌握自然語言處理技術，在實戰中轉化創新科技為影響力，樹立產學合作新標竿！
I-9-7,https://twpathfinder.org/overview_d/883,AI 演算法遠征,加拿大渥太華,(九)科技網絡及數位服務,AI 驅動數位轉型與實務見習,115 年 8 月 24 日至 12 月 11 日，共計 110 天（不含飛行日）,1,實戰 AURORA 專案，親手開發 AI 演算法，成就全球數位轉型領航者。
I-9-8,https://twpathfinder.org/overview_d/884,UX 實戰特攻,加拿大渥太華,(九)科技網絡及數位服務,AI介面設計與UX實務見習,115 年 8 月 24 日至 12 月 11 日，共計 110 天（不含飛行日）,1,深蹲加國研究中心，實戰 AI 專案 UX 流程，用 Figma 打造智慧化數位轉型介面。
I-9-9,https://twpathfinder.org/overview_d/885,青年科技創新國際,德國柏林,(九)科技網絡及數位服務,人工智慧與德國新創科技見習,115 年 8 月 9 日至 115 年 8 月 25 日，共計 17 天（含飛行日）,15,提供青年赴德國進行人工智慧與新創科技海外見習，透過大學、科研機構與企業參訪，培養國際視野、科技素養與跨域行動力。
I-9-10,https://twpathfinder.org/overview_d/886,IBM量子夢：紐約研習營,美國紐約,(九)科技網絡及數位服務,制霸IBM量子科技巔峰,115 年 7 月 13 日至 7 月 28 日，共計 16 日（含飛行日）,19,由亞大攜手 IBM 與紐約名校，帶你直擊全球量子研究核心。透過實作工作坊與產學座談，開啟台美合作視野，成就你的科技未來！
I-9-11,https://twpathfinder.org/overview_d/887,醫工量子：UCLA 菁英計畫,美國加州洛杉磯,(九)科技網絡及數位服務,探索腦科學與量子計算,115 年 7 月 6 日至 9 月 3 日，共計 60 日（含飛行日）,9,進駐 UCLA 頂尖醫工實驗室，親研腦疾藥發與量子運算。透過名師指點與台美交流，鍛造跨域科技視野，讓世界成為你的圓夢舞台！
I-9-12,https://twpathfinder.org/overview_d/888,量子金融：赴美職涯領航,美國大紐約區,(九)科技網絡及數位服務,跨足量子與AI金融實務,115 年 7 月 6 日至 8 月 9 日，共計 35 日（含飛行日）,10,獲選即由國家資助直飛美東，五週深入 NJIT、SUNY 等名校，由國際業師領航，掌握量子與 AI 金融最前沿應用，建立頂尖人脈，翻轉你的職涯格局！
I-9-13,https://twpathfinder.org/overview_d/889,AI與石黑浩：探索擬真界,日本大阪,(九)科技網絡及數位服務,台日共創人形機器人新未來,115 年 8 月 1 日至 116 年 1 月 15 日，共計 168 日（含飛行日）,8,進駐大阪大學石黑浩實驗室，親研AI人型機器人核心技術，深入日本尖端產業，開啟跨國科技職涯首章。
I-9-14,https://twpathfinder.org/overview_d/890,勇闖 WVU：太空機器人實戰,美國摩根敦,(九)科技網絡及數位服務,太空採集機器人見習,115 年 7 月 6 日至 7 月 23 日，共計 18 日（含飛行日）,18,由國家與亞大聯手，帶你直擊美國 WVU 頂尖實驗室，實作太空採集機器人，與國際大師共創科技未來！
